{"entryDate":[1609718400,1609804800,1609891200,1609977600,1610064000,1610323200,1610409600,1610496000,1610582400,1610668800,1611014400,1611100800,1611187200,1611273600,1611532800,1611619200,1611705600,1611792000,1611878400,1612137600,1612224000,1612310400,1612396800,1612483200,1612742400,1612828800,1612915200,1613001600,1613088000,1613433600,1613520000,1613606400,1613692800,1613952000,1614038400,1614124800,1614211200,1614297600,1614556800,1614643200,1614729600,1614816000,1614902400,1615161600,1615248000,1615334400,1615420800,1615507200,1615766400,1615852800,1615939200,1616025600,1616112000,1616371200,1616457600,1616544000,1616630400,1616716800,1616976000,1617062400,1617148800,1617235200,1617580800,1617667200,1617753600,1617840000,1617926400,1618185600,1618272000,1618358400,1618444800,1618531200,1618790400,1618876800,1618963200,1619049600,1619136000,1619395200,1619481600,1619568000,1619654400,1619740800,1620000000,1620086400,1620172800,1620259200,1620345600,1620604800,1620691200,1620777600,1620864000,1620950400,1621209600,1621296000,1621382400,1621468800,1621555200,1621814400,1621900800,1621987200,1622073600,1622160000,1622505600,1622592000,1622678400,1622764800,1623024000,1623110400,1623196800,1623283200,1623369600,1623628800,1623715200,1623801600,1623888000,1623974400,1624233600,1624320000,1624406400,1624492800,1624579200,1624838400,1624924800,1625011200,1625097600,1625184000,1625529600,1625616000,1625702400,1625788800,1626048000,1626134400,1626220800,1626307200,1626393600,1626652800,1626739200,1626825600,1626912000,1626998400,1627257600,1627344000,1627430400,1627516800,1627603200,1627862400,1627948800,1628035200,1628121600,1628208000,1628467200,1628553600,1628640000,1628726400,1628812800,1629072000,1629158400,1629244800,1629331200,1629417600,1629676800,1629763200,1629849600,1629936000,1630022400,1630281600,1630368000,1630454400,1630540800,1630627200,1630972800,1631059200,1631145600,1631232000,1631491200,1631577600,1631664000,1631750400,1631836800,1632096000,1632182400,1632268800,1632355200,1632441600,1632700800,1632787200,1632873600,1632960000,1633046400,1633305600,1633392000,1633478400,1633564800,1633651200,1633910400,1633996800,1634083200,1634169600,1634256000,1634515200,1634601600,1634688000,1634774400,1634860800,1635120000,1635206400,1635292800,1635379200,1635465600,1635724800,1635811200,1635897600,1635984000,1636070400],"cumuROIDaySP500":[0,0.00704177669442752,0.0130257745428777,0.0277296911315691,0.033526028899979,0.0268462646563641,0.0275055473567861,0.0299432861893068,0.0266570554959121,0.019007863276987,0.0265166678487193,0.04089471823785,0.0411547962612571,0.0380996740563689,0.0418161766318399,0.0402571276517178,0.0146878368254328,0.0240355032472797,0.00445489862996143,0.0207830816135658,0.0347245275406719,0.0360995029875389,0.0468226623964575,0.0508982219772571,0.05804982303389,0.057410109625497,0.0567699867218995,0.0590759052461116,0.063932755961858,0.0631059943235981,0.0631696439958023,0.0584598680283888,0.0567972513254856,0.0492389628294569,0.050400702857855,0.0618756899646111,0.0377839117619342,0.0328857926396772,0.0563812313743362,0.0483658418264042,0.0352436698807028,0.021816015462677,0.0413353356060843,0.0361907667079337,0.0503296683247433,0.0563323792264408,0.0666621623651551,0.0680592538746489,0.0744642256547238,0.0732039862092291,0.0761061944111219,0.0616371455938093,0.0606464950608079,0.0650885012591999,0.0573913002413882,0.0525191930550301,0.0576084154991453,0.0740806626469468,0.072630382049179,0.0697887553757766,0.0747916051003033,0.0855036403870078,0.0999051366463594,0.0989832510830873,0.100459629035843,0.105127933704148,0.112586970143375,0.1127690310731,0.115802827566031,0.112233775482067,0.123039992092072,0.126343295395376,0.121374723111628,0.114396020187792,0.123665376785393,0.11478129010552,0.125380284715175,0.127298060095733,0.12717842856086,0.126520376395271,0.133045368912481,0.126146356184992,0.128841289709965,0.122271379896909,0.122692230014146,0.130925403091069,0.138316474200326,0.128435402074416,0.119531374346437,0.0984279676536422,0.110315864173507,0.125412041431846,0.1227135525856,0.114355666709826,0.111566435567454,0.121964100653189,0.121362307309023,0.131478523362495,0.129511310247741,0.131303210856987,0.132734167212818,0.133567699006102,0.132615884609909,0.134461781954199,0.130895660111703,0.139723575411434,0.139073188135374,0.13913235273128,0.137416680957039,0.142039177104959,0.143867869884572,0.145987636710221,0.144048627367721,0.138514658216656,0.138337059353289,0.13004764020473,0.136376376248673,0.141716038070091,0.140594763357787,0.146384672373502,0.149967849065232,0.152133491441585,0.152483917793647,0.154001900044931,0.159190194320319,0.166613496529911,0.164598644189804,0.168232700488835,0.159783939065765,0.170681226336806,0.174465630006531,0.170981110413248,0.172471508808204,0.168865533191467,0.16116792289735,0.145595386136901,0.160708588136313,0.168818888217416,0.17088761594986,0.18086582446001,0.183420900544498,0.178946754313542,0.178776086433237,0.182872814740491,0.177829464595991,0.175608254891013,0.183656659480316,0.179070023013725,0.185156831137054,0.186966171858529,0.186119575177188,0.187079864393704,0.189450067553975,0.192602865662297,0.194398802355528,0.196975833167853,0.190158667320736,0.179131324010283,0.180724224226462,0.188789656465472,0.197466690497475,0.199030761550989,0.201373204384229,0.195475140729655,0.204206809821786,0.208590341061382,0.207540675297059,0.207706586147629,0.210803074950504,0.210637703692029,0.207274598608778,0.205780987943292,0.201293453317253,0.193724862967206,0.196136122990758,0.190653912205347,0.199035057441032,0.197361603990928,0.195144490089157,0.169142810980843,0.167992923094912,0.177375298044547,0.189692816292722,0.19143909840178,0.188571190849623,0.1683817029182,0.169820634655278,0.157865924614471,0.168569199583932,0.15648286864868,0.166445000894529,0.171059675559966,0.179327934632083,0.177562558777869,0.170431518786997,0.168075738506601,0.171358581333302,0.188350544593922,0.195914328743843,0.199275673281658,0.206813361723869,0.21052630159641,0.213562962373795,0.212407020280989,0.21714635677388,0.218736966690511,0.214191761061027,0.223653748078301,0.225724592764949,0.227628008035778,0.231481886340071,0.237700119280485,0.242214064145872,0.245851789497608],